"enrollment_id","student_id","course_id","enroll_date","drop_date"
1,1,1,"2020-09-01",NULL
2,2,2,"2021-09-01",NULL
3,3,3,"2020-09-01",NULL
4,4,4,"2022-09-01",NULL
5,5,5,"2021-09-01",NULL
6,6,6,"2023-09-01",NULL
7,7,7,"2020-09-01",NULL
8,8,8,"2022-09-01",NULL
9,9,9,"2021-09-01",NULL
10,10,10,"2023-09-01",NULL
11,11,11,"2020-09-01",NULL
12,12,12,"2022-09-01",NULL
13,13,13,"2021-09-01",NULL
14,14,14,"2023-09-01",NULL
15,15,15,"2020-09-01",NULL
16,16,16,"2022-09-01",NULL
17,17,17,"2021-09-01",NULL
18,18,18,"2023-09-01",NULL
19,19,19,"2020-09-01",NULL
20,20,20,"2022-09-01",NULL
21,21,21,"2021-09-01",NULL
22,22,22,"2023-09-01",NULL
23,23,23,"2020-09-01",NULL
24,24,24,"2022-09-01",NULL
25,25,25,"2021-09-01",NULL
26,26,26,"2023-09-01",NULL
27,27,27,"2020-09-01",NULL
28,28,28,"2022-09-01",NULL
29,29,29,"2021-09-01",NULL
30,30,30,"2023-09-01",NULL
31,31,31,"2020-09-01",NULL
32,32,32,"2022-09-01",NULL
33,33,33,"2021-09-01",NULL
34,34,34,"2023-09-01",NULL
35,35,35,"2020-09-01",NULL
36,36,36,"2022-09-01",NULL
37,37,37,"2021-09-01",NULL
38,38,38,"2023-09-01",NULL
39,39,39,"2020-09-01",NULL
40,40,40,"2022-09-01",NULL
41,41,41,"2021-09-01",NULL
42,42,42,"2023-09-01",NULL
43,43,43,"2020-09-01",NULL
44,44,44,"2022-09-01",NULL
45,45,45,"2021-09-01",NULL
46,46,46,"2023-09-01",NULL
47,47,47,"2020-09-01",NULL
48,48,48,"2022-09-01",NULL
49,49,49,"2021-09-01",NULL
50,50,50,"2023-09-01",NULL
51,51,51,"2020-09-01",NULL
52,52,52,"2022-09-01",NULL
53,53,53,"2021-09-01",NULL
54,54,54,"2023-09-01",NULL
55,55,55,"2020-09-01",NULL
56,56,56,"2022-09-01",NULL
57,57,57,"2021-09-01",NULL
58,58,58,"2023-09-01",NULL
59,59,59,"2020-09-01",NULL
60,60,60,"2022-09-01",NULL
61,61,61,"2021-09-01",NULL
62,62,62,"2023-09-01",NULL
63,63,63,"2020-09-01",NULL
64,64,64,"2022-09-01",NULL
65,65,65,"2021-09-01",NULL
66,66,66,"2023-09-01",NULL
67,67,67,"2020-09-01",NULL
68,68,68,"2022-09-01",NULL
69,69,69,"2021-09-01",NULL
70,70,70,"2023-09-01",NULL
71,71,71,"2020-09-01",NULL
72,72,72,"2022-09-01",NULL
73,73,73,"2021-09-01",NULL
74,74,74,"2023-09-01",NULL
75,75,75,"2020-09-01",NULL
76,76,76,"2022-09-01",NULL
77,77,77,"2021-09-01",NULL
78,78,78,"2023-09-01",NULL
79,79,79,"2020-09-01",NULL
80,80,80,"2022-09-01",NULL
81,81,81,"2021-09-01",NULL
82,82,82,"2023-09-01",NULL
83,83,83,"2020-09-01",NULL
84,84,84,"2022-09-01",NULL
85,85,85,"2021-09-01",NULL
86,86,86,"2023-09-01",NULL
87,87,87,"2020-09-01",NULL
88,88,88,"2022-09-01",NULL
89,89,89,"2021-09-01",NULL
90,90,90,"2023-09-01",NULL
91,91,91,"2020-09-01",NULL
92,92,92,"2022-09-01",NULL
93,93,93,"2021-09-01",NULL
94,94,94,"2023-09-01",NULL
95,95,95,"2020-09-01",NULL
96,96,96,"2022-09-01",NULL
97,97,97,"2021-09-01",NULL
98,98,98,"2023-09-01",NULL
99,99,99,"2020-09-01",NULL
100,100,100,"2022-09-01",NULL
101,101,101,"2021-09-01",NULL
102,102,102,"2023-09-01",NULL
103,103,103,"2020-09-01",NULL
104,104,104,"2022-09-01",NULL
105,105,105,"2021-09-01",NULL
106,106,106,"2023-09-01",NULL
107,107,107,"2020-09-01",NULL
108,108,108,"2022-09-01",NULL
109,109,109,"2021-09-01",NULL
110,110,110,"2023-09-01",NULL
111,111,111,"2020-09-01",NULL
112,112,112,"2022-09-01",NULL
113,113,113,"2021-09-01",NULL
114,114,114,"2023-09-01",NULL
115,115,115,"2020-09-01",NULL
116,116,116,"2022-09-01",NULL
117,117,117,"2021-09-01",NULL
118,118,118,"2023-09-01",NULL
119,119,119,"2020-09-01",NULL
120,120,120,"2022-09-01",NULL
121,121,121,"2021-09-01",NULL
122,122,122,"2023-09-01",NULL
123,123,123,"2020-09-01",NULL
124,124,124,"2022-09-01",NULL
125,125,125,"2021-09-01",NULL
126,126,126,"2023-09-01",NULL
127,127,127,"2020-09-01",NULL
128,128,128,"2022-09-01",NULL
129,129,129,"2021-09-01",NULL
130,130,130,"2023-09-01",NULL
131,131,131,"2020-09-01",NULL
132,132,132,"2022-09-01",NULL
133,133,133,"2021-09-01",NULL
134,134,134,"2023-09-01",NULL
135,135,135,"2020-09-01",NULL
136,136,136,"2022-09-01",NULL
137,137,137,"2021-09-01",NULL
138,138,138,"2023-09-01",NULL
139,139,139,"2020-09-01",NULL
140,140,140,"2022-09-01",NULL
141,141,141,"2021-09-01",NULL
142,142,142,"2023-09-01",NULL
143,143,143,"2020-09-01",NULL
144,144,144,"2022-09-01",NULL
145,145,145,"2021-09-01",NULL
146,146,146,"2023-09-01",NULL
147,147,147,"2020-09-01",NULL
148,148,148,"2022-09-01",NULL
149,149,149,"2021-09-01",NULL
150,150,150,"2023-09-01",NULL
151,151,151,"2020-09-01",NULL
152,152,152,"2022-09-01",NULL
153,153,153,"2021-09-01",NULL
154,154,154,"2023-09-01",NULL
155,155,155,"2020-09-01",NULL
156,156,156,"2022-09-01",NULL
157,157,157,"2021-09-01",NULL
158,158,158,"2023-09-01",NULL
159,159,159,"2020-09-01",NULL
160,160,160,"2022-09-01",NULL
161,161,161,"2021-09-01",NULL
162,162,162,"2023-09-01",NULL
163,163,163,"2020-09-01",NULL
164,164,164,"2022-09-01",NULL
165,165,165,"2021-09-01",NULL
166,166,166,"2023-09-01",NULL
167,167,167,"2020-09-01",NULL
168,168,168,"2022-09-01",NULL
169,169,169,"2021-09-01",NULL
170,170,170,"2023-09-01",NULL
171,171,171,"2020-09-01",NULL
172,172,172,"2022-09-01",NULL
173,173,173,"2021-09-01",NULL
174,174,174,"2023-09-01",NULL
175,175,175,"2020-09-01",NULL
176,176,176,"2022-09-01",NULL
177,177,177,"2021-09-01",NULL
178,178,178,"2023-09-01",NULL
179,179,179,"2020-09-01",NULL
180,180,180,"2022-09-01",NULL
181,181,181,"2021-09-01",NULL
182,182,182,"2023-09-01",NULL
183,183,183,"2020-09-01",NULL
184,184,184,"2022-09-01",NULL
185,185,185,"2021-09-01",NULL
186,186,186,"2023-09-01",NULL
187,187,187,"2020-09-01",NULL
188,188,188,"2022-09-01",NULL
189,189,189,"2021-09-01",NULL
190,190,190,"2023-09-01",NULL
191,191,191,"2020-09-01",NULL
192,192,192,"2022-09-01",NULL
193,193,193,"2021-09-01",NULL
194,194,194,"2023-09-01",NULL
195,195,195,"2020-09-01",NULL
196,196,196,"2022-09-01",NULL
197,197,197,"2021-09-01",NULL
198,198,198,"2023-09-01",NULL
199,199,199,"2020-09-01",NULL
200,200,200,"2022-09-01","2025-09-01"
201,201,201,"2021-09-01","2025-09-01"
202,202,202,"2023-09-01","2025-09-01"
203,203,203,"2020-09-01","2023-09-01"
204,204,204,"2022-09-01","2025-09-01"
205,205,205,"2021-09-01","2023-09-01"
206,206,206,"2023-09-01","2025-09-01"
207,207,207,"2020-09-01","2022-09-01"
208,208,208,"2022-09-01","2025-09-01"
209,209,209,"2021-09-01","2023-09-01"
210,210,210,"2023-09-01","2025-09-01"
211,211,211,"2020-09-01","2022-09-01"
212,212,212,"2022-09-01","2025-09-01"
213,213,213,"2021-09-01","2023-09-01"
214,214,214,"2023-09-01","2025-09-01"
215,215,215,"2020-09-01","2022-09-01"
216,216,216,"2022-09-01","2025-09-01"
217,217,217,"2021-09-01","2023-09-01"
218,218,218,"2023-09-01","2025-09-01"
219,219,219,"2020-09-01","2022-09-01"
220,220,220,"2022-09-01","2025-09-01"
221,221,221,"2021-09-01","2023-09-01"
222,222,222,"2023-09-01","2025-09-01"
223,223,223,"2020-09-01","2022-09-01"
224,224,224,"2022-09-01","2025-09-01"
225,225,225,"2021-09-01","2023-09-01"
226,226,226,"2023-09-01","2025-09-01"
227,227,227,"2020-09-01","2022-09-01"
228,228,228,"2022-09-01","2025-09-01"
229,229,229,"2021-09-01","2023-09-01"
230,230,230,"2023-09-01","2025-09-01"
231,231,231,"2020-09-01","2022-09-01"
232,232,232,"2022-09-01","2025-09-01"
233,233,233,"2021-09-01","2023-09-01"
234,234,234,"2023-09-01","2025-09-01"
235,235,235,"2020-09-01","2022-09-01"
236,236,236,"2022-09-01","2025-09-01"
237,237,237,"2021-09-01","2023-09-01"
238,238,238,"2023-09-01","2025-09-01"
239,239,239,"2020-09-01","2022-09-01"
240,240,240,"2022-09-01","2025-09-01"
241,241,241,"2021-09-01","2023-09-01"
242,242,242,"2023-09-01","2025-09-01"
243,243,243,"2020-09-01","2022-09-01"
244,244,244,"2022-09-01","2025-01-15"
245,245,245,"2021-09-01","2023-12-20"
246,246,246,"2023-09-01","2025-03-10"
247,247,247,"2020-09-01","2022-06-30"
248,248,248,"2022-09-01","2025-11-25"
249,249,249,"2021-09-01","2023-10-05"
250,250,250,"2023-09-01","2025-08-15"
251,251,251,"2020-09-01","2022-12-31"
252,252,252,"2022-09-01","2025-07-20"
253,253,253,"2021-09-01","2023-11-30"
254,254,254,"2023-09-01","2025-04-25"
255,255,255,"2020-09-01","2022-05-15"
256,256,256,"2022-09-01","2025-09-10"
257,257,257,"2021-09-01","2023-08-20"
258,258,258,"2023-09-01","2025-12-05"
259,259,259,"2020-09-01","2022-10-30"
260,260,260,"2022-09-01","2025-06-15"
261,261,261,"2021-09-01","2023-09-25"
262,262,262,"2023-09-01","2025-02-10"
263,263,263,"2020-09-01","2022-11-20"
264,264,264,"2022-09-01","2025-08-30"
265,265,265,"2021-09-01","2023-12-15"
266,266,266,"2023-09-01","2025-05-05"
267,267,267,"2020-09-01","2022-07-15"
268,268,268,"2022-09-01","2025-10-20"
269,269,269,"2021-09-01","2023-11-10"
270,270,270,"2023-09-01","2025-03-30"
271,271,271,"2022-07-29","2024-12-11"
272,272,272,"2023-06-17","2024-07-31"
273,273,273,"2023-06-08","2025-01-12"
274,274,274,"2023-08-09","2023-12-24"
275,275,275,"2023-07-26","2024-12-05"
276,276,276,"2021-11-12","2024-03-07"
277,277,277,"2022-09-26","2024-08-16"
278,278,278,"2023-08-02","2024-02-23"
279,279,279,"2021-09-01","2025-08-08"
280,280,280,"2022-04-01","2024-12-31"
281,281,281,"2021-11-28","2025-02-07"
282,282,282,"2022-03-07","2025-08-27"
283,283,283,"2021-12-04","2025-07-19"
284,284,284,"2023-04-30","2024-06-27"
285,285,285,"2022-08-04","2025-10-11"
286,286,286,"2022-12-21","2025-09-01"
287,287,287,"2023-03-09","2025-05-19"
288,288,288,"2021-12-23","2024-09-14"
289,289,289,"2023-07-06","2023-11-02"
290,290,290,"2023-04-03","2025-03-05"
291,291,291,"2022-05-15","2024-10-20"
292,292,292,"2021-10-19","2025-01-30"
293,293,293,"2022-11-11","2024-08-22"
294,294,294,"2023-01-25","2025-06-14"
295,295,295,"2022-06-18","2024-11-29"
296,296,296,"2021-09-01","2025-04-17"
297,297,297,"2023-02-14","2024-07-09"
298,298,298,"2022-10-03","2025-12-18"
299,299,299,"2021-11-05","2024-05-25"
300,300,300,"2023-05-20","2025-02-28"
301,301,301,"2023-09-15",NULL
302,302,302,"2023-09-15",NULL
303,303,303,"2023-09-15",NULL
304,304,304,"2023-09-15",NULL
305,305,305,"2023-09-15",NULL
306,306,306,"2023-09-15",NULL
307,307,307,"2023-09-15",NULL
308,308,308,"2023-09-15",NULL
309,309,309,"2023-09-15",NULL
310,310,310,"2023-09-15",NULL
311,311,311,"2022-01-22","2025-09-23"
312,312,312,"2023-01-20","2025-03-04"
313,313,313,"2022-11-14","2024-07-25"
314,314,314,"2022-05-07","2023-11-09"
315,315,315,"2022-08-22","2024-03-14"
316,316,316,"2022-07-19","2025-02-10"
317,317,317,"2023-01-17","2023-12-30"
318,318,318,"2022-07-02","2024-09-08"
319,319,319,"2022-10-11","2025-06-06"
320,320,320,"2022-07-20","2023-12-07"
321,321,321,"2022-09-02","2023-11-19"
322,322,322,"2023-07-22","2025-06-04"
323,323,323,"2022-07-28","2024-04-09"
324,324,324,"2023-02-28","2024-11-14"
325,325,325,"2022-10-25","2025-08-06"
326,326,326,"2022-01-30","2024-12-19"
327,327,327,"2023-03-05","2025-12-20"
328,328,328,"2022-02-24","2025-11-21"
329,329,329,"2022-01-20","2025-01-12"
330,330,330,"2023-03-21","2024-08-23"
331,331,331,"2022-05-21","2024-04-29"
332,332,332,"2021-12-30","2025-10-17"
333,333,333,"2022-07-31","2024-07-23"
334,334,334,"2023-05-21","2023-11-16"
335,335,335,"2022-01-04","2024-01-30"
336,336,336,"2021-10-07","2024-04-30"
337,337,337,"2021-11-14","2024-04-10"
338,338,338,"2022-07-22","2024-10-07"
339,339,339,"2023-08-11","2023-12-22"
340,340,340,"2022-05-25","2025-12-28"
341,341,341,"2022-09-02","2024-11-28"
342,342,342,"2022-09-14","2025-06-16"
343,343,343,"2022-05-05","2025-12-03"
344,344,344,"2021-11-30","2024-03-09"
345,345,345,"2022-09-02","2025-08-20"
346,346,346,"2023-04-30","2024-11-25"
347,347,347,"2023-06-24","2025-07-20"
348,348,348,"2022-03-06","2024-01-27"
349,349,349,"2023-02-12","2023-11-21"
350,350,350,"2023-05-28","2024-01-09"
351,351,351,"2021-10-23","2024-01-03"
352,352,352,"2022-07-08","2024-09-05"
353,353,353,"2022-09-21","2025-02-01"
354,354,354,"2022-06-21","2024-06-13"
355,355,355,"2023-06-20","2023-11-27"
356,356,356,"2022-04-04","2025-05-14"
357,357,357,"2023-06-18","2024-06-21"
358,358,358,"2023-05-07","2025-11-19"
359,359,359,"2021-09-14","2025-08-17"
360,360,360,"2022-04-10","2025-05-26"
361,361,361,"2022-08-09","2024-05-12"
362,362,362,"2022-05-23","2024-10-25"
363,363,363,"2023-08-08","2024-02-23"
364,364,364,"2021-11-28","2025-09-06"
365,365,365,"2023-05-13","2025-03-18"
366,366,366,"2022-02-27","2025-02-22"
367,367,367,"2022-01-06","2025-04-30"
368,368,368,"2022-06-09","2024-03-27"
369,369,369,"2021-11-18","2025-01-13"
370,370,370,"2023-01-08","2025-05-07"
371,371,371,"2023-06-29","2024-03-17"
372,372,372,"2022-02-20","2024-01-29"
373,373,373,"2022-08-06","2024-12-21"
374,374,374,"2022-10-18","2025-12-30"
375,375,375,"2022-10-11","2025-08-31"
376,376,376,"2022-04-06","2025-09-10"
377,377,377,"2022-12-20","2023-12-26"
378,378,378,"2022-02-13","2024-10-02"
379,379,379,"2022-11-13","2025-07-12"
380,380,380,"2022-05-12","2024-07-05"
381,381,381,"2022-11-07","2025-12-01"
382,382,382,"2022-02-11","2024-08-06"
383,383,383,"2023-08-04","2024-11-10"
384,384,384,"2021-12-30","2025-07-25"
385,385,385,"2023-06-26","2025-11-09"
386,386,386,"2023-06-28","2024-04-26"
387,387,387,"2022-10-31","2025-01-15"
388,388,388,"2022-06-17","2024-01-26"
389,389,389,"2023-04-12","2024-12-20"
390,390,390,"2023-08-29","2025-04-15"
391,391,391,"2021-12-25","2025-02-17"
392,392,392,"2022-07-05","2025-12-05"
393,393,393,"2023-05-25","2023-11-19"
394,394,394,"2021-12-05","2024-11-07"
395,395,395,"2022-09-09","2024-05-28"
396,396,396,"2022-06-08","2025-01-27"
397,397,397,"2022-02-23","2025-04-20"
398,398,398,"2022-05-04","2024-08-01"
399,399,399,"2022-05-26","2024-10-21"
400,400,400,"2022-11-17","2023-11-15"
401,401,401,"2023-03-13","2025-08-07"
402,402,402,"2022-05-13","2025-04-23"
403,403,403,"2021-10-05","2025-02-04"
404,404,404,"2023-02-17","2025-02-06"
405,405,405,"2023-06-05","2025-11-17"
406,406,406,"2022-08-29","2025-11-14"
407,407,407,"2022-02-03","2025-03-30"
408,408,408,"2021-11-25","2025-08-27"
409,409,409,"2021-09-16","2025-07-24"
410,410,410,"2023-05-17","2024-12-26"
411,411,411,"2021-10-26","2024-07-07"
412,412,412,"2022-07-03","2025-05-17"
413,413,413,"2023-07-29","2025-10-15"
414,414,414,"2022-06-05","2025-07-16"
415,415,415,"2022-04-26","2024-12-27"
416,416,416,"2022-05-14","2025-11-25"
417,417,417,"2022-06-01","2024-02-23"
418,418,418,"2023-05-06","2025-04-05"
419,419,419,"2023-04-30","2025-10-11"
420,420,420,"2023-08-17","2025-11-11"
421,421,421,"2023-08-14","2024-07-25"
422,422,422,"2021-11-02","2024-12-16"
423,423,423,"2022-01-06","2025-11-22"
424,424,424,"2022-11-01","2024-10-17"
425,425,425,"2021-11-19","2024-05-05"
426,426,426,"2022-10-31","2025-06-14"
427,427,427,"2022-06-12","2025-03-14"
428,428,428,"2022-03-01","2024-06-21"
429,429,429,"2021-11-21","2024-11-03"
430,430,430,"2023-05-31","2025-10-10"
431,431,431,"2023-06-23","2025-02-27"
432,432,432,"2023-07-24","2025-08-11"
433,433,433,"2022-06-26","2025-02-24"
434,434,434,"2022-03-04","2024-02-24"
435,435,435,"2022-05-18","2024-04-22"
436,436,436,"2023-03-15","2025-11-24"
437,437,437,"2022-04-10","2024-05-10"
438,438,438,"2022-08-10","2024-12-30"
439,439,439,"2021-09-30","2024-09-29"
440,440,440,"2022-01-29","2025-06-05"
441,441,441,"2023-07-29","2025-02-02"
442,442,442,"2021-11-21","2024-08-09"
443,443,443,"2022-06-08","2025-04-19"
444,444,444,"2022-06-30","2024-03-15"
445,445,445,"2022-06-14","2024-09-21"
446,446,446,"2022-05-19","2024-02-09"
447,447,447,"2021-11-10","2025-06-22"
448,448,448,"2022-10-14","2025-07-09"
449,449,449,"2022-02-26","2024-01-12"
450,450,450,"2021-10-26","2024-11-13"
451,451,451,"2022-10-28","2024-03-18"
452,452,452,"2021-11-07","2025-01-03"
453,453,453,"2023-04-30","2025-02-12"
454,454,454,"2023-08-04","2025-05-31"
455,455,455,"2022-04-04","2025-08-13"
456,456,456,"2022-12-11","2025-07-24"
457,457,457,"2021-09-17","2023-12-28"
458,458,458,"2022-10-19","2024-12-18"
459,459,459,"2021-12-16","2024-10-21"
460,460,460,"2021-10-03","2023-11-09"
461,461,461,"2022-09-09","2024-02-10"
462,462,462,"2022-11-23","2025-01-13"
463,463,463,"2022-06-13","2023-12-29"
464,464,464,"2022-09-16","2024-02-04"
465,465,465,"2023-03-18","2025-08-06"
466,466,466,"2022-06-28","2025-12-07"
467,467,467,"2022-10-31","2024-07-23"
468,468,468,"2023-02-14","2024-03-13"
469,469,469,"2021-12-06","2025-01-16"
470,470,470,"2022-01-15","2024-02-11"
471,471,471,"2023-03-22","2025-09-05"
472,472,472,"2022-08-15","2024-06-30"
473,473,473,"2021-10-12","2025-03-22"
474,474,474,"2022-11-05","2024-09-15"
475,475,475,"2023-01-30","2025-04-18"
476,476,476,"2022-03-18","2024-11-29"
477,477,477,"2022-12-01","2025-08-19"
478,478,478,"2023-07-11","2024-10-28"
479,479,479,"2022-05-09","2025-06-02"
480,480,480,"2021-12-28","2024-05-20"
481,481,481,"2022-09-25","2025-02-14"
482,482,482,"2023-04-15","2025-07-30"
483,483,483,"2022-02-10","2024-12-12"
484,484,484,"2021-10-20","2025-09-01"
485,485,485,"2023-06-14","2024-08-29"
486,486,486,"2022-08-23","2025-05-08"
487,487,487,"2022-03-29","2024-10-15"
488,488,488,"2023-01-11","2025-03-29"
489,489,489,"2022-04-22","2024-09-30"
490,490,490,"2021-11-15","2025-06-12"
491,491,491,"2022-12-14","2024-11-18"
492,492,492,"2023-02-27","2025-01-08"
493,493,493,"2022-07-12","2024-05-22"
494,494,494,"2021-10-08","2025-03-15"
495,495,495,"2022-09-19","2024-12-29"
496,496,496,"2023-05-02","2025-09-12"
497,497,497,"2022-11-28","2024-06-18"
498,498,498,"2021-12-10","2025-04-01"
499,499,499,"2022-03-14","2024-08-20"
500,500,500,"2023-04-05","2025-07-15"
501,501,501,"2022-07-27","2023-12-20"
502,502,502,"2022-12-19","2024-07-28"
503,503,503,"2023-04-06","2025-03-06"
504,504,504,"2023-01-24","2024-07-06"
505,505,505,"2022-11-05","2025-01-19"
506,506,506,"2022-12-21","2023-12-28"
507,507,507,"2023-06-19","2024-06-29"
508,508,508,"2022-12-06","2025-01-20"
509,509,509,"2022-11-05","2024-06-27"
510,510,510,"2022-07-13","2025-05-15"
511,511,511,"2022-08-08","2024-12-19"
512,512,512,"2023-02-18","2024-08-09"
513,513,513,"2023-03-12","2024-12-29"
514,514,514,"2023-08-08","2025-08-19"
515,515,515,"2023-08-24","2025-02-06"
516,516,516,"2022-06-20","2025-01-15"
517,517,517,"2022-07-21","2023-12-06"
518,518,518,"2021-11-22","2024-02-10"
519,519,519,"2022-12-02","2023-11-13"
520,520,520,"2023-08-06","2023-11-10"
521,521,521,"2023-04-20","2024-07-03"
522,522,522,"2022-04-22","2024-05-20"
523,523,523,"2023-08-02","2024-03-13"
524,524,524,"2022-05-18","2024-11-24"
525,525,525,"2022-02-27","2024-11-29"
526,526,526,"2023-05-03","2025-06-26"
527,527,527,"2022-03-25","2024-05-03"
528,528,528,"2022-12-22","2024-04-12"
529,529,529,"2023-06-05","2024-04-28"
530,530,530,"2023-03-03","2024-03-17"
531,531,531,"2022-10-31","2024-10-19"
532,532,532,"2022-10-10","2024-08-02"
533,533,533,"2021-10-24","2025-08-27"
534,534,534,"2022-08-15","2024-04-09"
535,535,535,"2021-11-13","2025-02-03"
536,536,536,"2023-09-01","2025-04-25"
537,537,537,"2023-03-31","2024-02-19"
538,538,538,"2021-12-21","2023-11-28"
539,539,539,"2022-03-31","2025-06-04"
540,540,540,"2022-02-12","2025-06-30"
541,541,541,"2021-09-05","2025-07-24"
542,542,542,"2022-01-22","2024-05-20"
543,543,543,"2022-01-30","2025-10-11"
544,544,544,"2022-09-12","2024-08-02"
545,545,545,"2022-04-13","2024-12-23"
546,546,546,"2023-05-25","2024-10-24"
547,547,547,"2023-04-12","2023-12-26"
548,548,548,"2023-02-24","2024-02-14"
549,549,549,"2022-12-26","2025-02-06"
550,550,550,"2022-07-09","2025-04-10"
551,551,551,"2022-02-25","2025-07-28"
552,552,552,"2023-02-18","2025-09-26"
553,553,553,"2022-10-30","2024-02-22"
554,554,554,"2021-10-12","2024-05-19"
555,555,555,"2022-01-27","2024-04-18"
556,556,556,"2022-03-12","2024-05-23"
557,557,557,"2023-06-07","2024-03-21"
558,558,558,"2022-09-07","2025-09-11"
559,559,559,"2023-07-29","2024-05-18"
560,560,560,"2023-01-01","2024-07-14"
561,561,561,"2021-10-30","2025-10-04"
562,562,562,"2022-07-08","2024-11-18"
563,563,563,"2022-05-11","2023-12-03"
564,564,564,"2022-10-31","2024-12-28"
565,565,565,"2022-02-19","2025-10-09"
566,566,566,"2023-05-09","2025-04-29"
567,567,567,"2022-01-14","2024-04-06"
568,568,568,"2022-11-15","2024-05-11"
569,569,569,"2022-09-16","2024-01-08"
570,570,570,"2022-11-18","2024-11-20"
571,571,571,"2022-06-07","2025-11-24"
572,572,572,"2022-03-13","2025-06-02"
573,573,573,"2022-05-09","2024-03-20"
574,574,574,"2022-10-22","2024-09-22"
575,575,575,"2023-07-09","2024-12-19"
576,576,576,"2022-03-27","2025-01-17"
577,577,577,"2023-04-14","2024-02-14"
578,578,578,"2022-06-16","2025-09-21"
579,579,579,"2022-11-07","2025-02-17"
580,580,580,"2021-11-14","2024-07-06"
581,581,581,"2021-11-15","2024-09-13"
582,582,582,"2023-05-28","2024-10-25"
583,583,583,"2022-05-04","2024-08-21"
584,584,584,"2023-02-19","2024-04-03"
585,585,585,"2022-05-28","2025-04-08"
586,586,586,"2022-02-01","2025-05-24"
587,587,587,"2023-05-24","2024-08-21"
588,588,588,"2021-12-19","2025-03-25"
589,589,589,"2021-11-19","2025-05-08"
590,590,590,"2022-05-28","2025-01-19"
591,591,591,"2022-06-04","2024-01-11"
592,592,592,"2022-07-30","2025-12-04"
593,593,593,"2022-12-12","2024-01-31"
594,594,594,"2022-11-19","2025-09-15"
595,595,595,"2022-08-30","2025-06-08"
596,596,596,"2022-07-09","2025-08-13"
597,597,597,"2022-07-01","2024-07-18"
598,598,598,"2022-10-04","2024-03-12"
599,599,599,"2022-06-22","2023-12-29"
600,600,600,"2022-12-09","2025-05-27"
601,601,601,"2023-05-30","2025-11-17"
602,602,602,"2021-09-04","2025-06-22"
603,603,603,"2022-10-20","2025-09-21"
604,604,604,"2023-08-31","2024-12-06"
605,605,605,"2021-11-02","2025-08-27"
606,606,606,"2022-04-14","2024-10-13"
607,607,607,"2021-12-16","2025-01-08"
608,608,608,"2022-05-01","2025-02-06"
609,609,609,"2021-09-23","2024-07-31"
610,610,610,"2022-01-18","2024-01-24"
611,611,611,"2022-11-24","2025-02-28"
612,612,612,"2023-02-02","2025-08-21"
613,613,613,"2022-12-18","2025-12-25"
614,614,614,"2022-08-03","2025-08-21"
615,615,615,"2023-05-30","2025-07-10"
616,616,616,"2022-08-16","2025-03-12"
617,617,617,"2021-10-25","2025-06-30"
618,618,618,"2022-12-27","2025-03-29"
619,619,619,"2022-03-11","2024-03-07"
620,620,620,"2022-06-07","2023-11-16"
621,621,621,"2022-10-21","2025-04-23"
622,622,622,"2023-05-05","2025-02-11"
623,623,623,"2021-09-16","2024-05-02"
624,624,624,"2023-07-23","2025-04-24"
625,625,625,"2022-06-24","2024-09-18"
626,626,626,"2022-07-18","2024-01-15"
627,627,627,"2022-05-05","2024-03-20"
628,628,628,"2021-10-10","2025-07-09"
629,629,629,"2021-09-01","2024-05-29"
630,630,630,"2023-03-14","2025-11-20"
631,631,631,"2022-02-18","2024-06-12"
632,632,632,"2023-04-07","2025-03-17"
633,633,633,"2022-01-26","2025-07-18"
634,634,634,"2023-01-17","2025-04-09"
635,635,635,"2021-09-17","2023-12-14"
636,636,636,"2022-09-27","2025-12-30"
637,637,637,"2023-06-13","2024-10-18"
638,638,638,"2022-04-08","2025-03-01"
639,639,639,"2023-04-23","2025-12-01"
640,640,640,"2021-12-09","2024-12-16"
641,641,641,"2023-08-10","2023-11-28"
642,642,642,"2022-06-02","2025-02-22"
643,643,643,"2023-08-16","2025-03-01"
644,644,644,"2023-02-19","2025-06-16"
645,645,645,"2022-06-11","2024-05-05"
646,646,646,"2022-04-30","2024-04-11"
647,647,647,"2023-04-16","2023-11-05"
648,648,648,"2022-02-07","2023-12-18"
649,649,649,"2022-09-26","2024-09-07"
650,650,650,"2021-12-28","2025-02-01"
651,651,651,"2022-01-19","2025-08-03"
652,652,652,"2022-07-23","2024-02-11"
653,653,653,"2021-11-19","2025-05-01"
654,654,654,"2021-10-01","2024-02-06"
655,655,655,"2023-01-16","2025-07-25"
656,656,656,"2022-07-22","2024-08-12"
657,657,657,"2022-03-13","2024-01-26"
658,658,658,"2022-03-11","2023-12-27"
659,659,659,"2023-07-14","2024-07-08"
660,660,660,"2023-02-18","2025-06-11"
661,661,661,"2022-10-30","2024-07-01"
662,662,662,"2023-07-12","2025-08-12"
663,663,663,"2023-07-26","2025-06-23"
664,664,664,"2023-08-10","2025-10-04"
665,665,665,"2022-12-21","2025-02-15"
666,666,666,"2023-06-13","2025-01-17"
667,667,667,"2023-01-21","2025-10-05"
668,668,668,"2022-01-13","2024-09-11"
669,669,669,"2022-09-08","2024-04-21"
670,670,670,"2023-01-29","2024-02-26"
671,671,671,"2022-12-25","2025-04-14"
672,672,672,"2022-09-17","2025-07-14"
673,673,673,"2022-08-24","2025-06-08"
674,674,674,"2022-05-25","2025-09-07"
675,675,675,"2023-08-28","2024-03-02"
676,676,676,"2022-02-12","2024-04-26"
677,677,677,"2023-08-31","2025-10-12"
678,678,678,"2023-07-15","2025-05-13"
679,679,679,"2022-03-09","2025-01-05"
680,680,680,"2022-04-28","2024-06-22"
681,681,681,"2022-05-30","2024-06-13"
682,682,682,"2022-07-13","2024-04-15"
683,683,683,"2022-12-16","2025-12-28"
684,684,684,"2022-10-05","2025-07-25"
685,685,685,"2022-08-02","2025-12-21"
686,686,686,"2021-12-17","2024-10-05"
687,687,687,"2023-06-12","2024-09-19"
688,688,688,"2023-06-16","2024-01-24"
689,689,689,"2022-11-26","2025-12-20"
690,690,690,"2023-07-11","2024-04-03"
691,691,691,"2022-06-23","2025-12-16"
692,692,692,"2023-02-18","2025-04-06"
693,693,693,"2022-05-25","2024-11-12"
694,694,694,"2022-03-23","2025-01-06"
695,695,695,"2023-08-19","2024-08-25"
696,696,696,"2023-04-23","2024-11-05"
697,697,697,"2021-10-27","2025-01-22"
698,698,698,"2021-10-30","2024-04-03"
699,699,699,"2022-03-28","2024-09-27"
700,700,1,"2022-08-11","2025-05-19"
701,701,2,"2023-01-15","2025-03-30"
702,702,3,"2022-11-20","2024-06-15"
703,703,4,"2022-05-16","2025-08-22"
704,704,5,"2023-03-10","2024-12-02"
705,705,6,"2022-07-29","2025-04-18"
706,706,7,"2021-12-14","2024-11-11"
707,707,8,"2022-09-01","2025-06-09"
708,708,9,"2023-06-22","2024-05-14"
709,709,10,"2022-10-13","2025-02-28"
710,710,11,"2023-05-19","2024-09-30"
711,711,12,"2022-04-27","2025-01-12"
712,712,13,"2022-08-05","2024-06-20"
713,713,14,"2023-02-28","2025-03-15"
714,714,15,"2022-11-11","2024-10-05"
715,715,16,"2021-10-15","2025-09-12"
716,716,17,"2022-06-18","2024-08-30"
717,717,18,"2023-03-05","2025-07-22"
718,718,19,"2022-12-03","2025-01-29"
719,719,20,"2023-07-27","2024-11-19"
720,720,21,"2022-05-22","2025-03-03"
721,721,22,"2022-07-04","2025-06-14"
722,722,23,"2023-07-19","2025-06-03"
723,723,24,"2022-02-21","2025-01-26"
724,724,25,"2022-06-26","2025-12-16"
725,725,26,"2022-10-17","2025-09-14"
726,726,27,"2022-08-31","2024-05-03"
727,727,28,"2023-03-28","2025-05-08"
728,728,29,"2023-07-01","2024-04-04"
729,729,30,"2022-10-09","2024-04-09"
730,730,31,"2023-05-24","2025-09-29"
731,731,32,"2022-06-04","2025-07-22"
732,732,33,"2022-09-18","2024-11-06"
733,733,34,"2023-02-20","2023-11-16"
734,734,35,"2021-10-15","2025-02-19"
735,735,36,"2021-10-10","2025-12-16"
736,736,37,"2023-03-22","2024-09-04"
737,737,38,"2022-09-25","2025-06-23"
738,738,39,"2023-08-26","2024-10-01"
739,739,40,"2021-09-12","2024-05-12"
740,740,41,"2021-11-04","2024-04-18"
741,741,42,"2023-05-15","2024-01-15"
742,742,43,"2023-08-11","2025-05-23"
743,743,44,"2021-10-27","2024-07-02"
744,744,45,"2023-06-21","2024-06-11"
745,745,46,"2022-07-08","2024-12-30"
746,746,47,"2023-05-01","2024-12-05"
747,747,48,"2023-06-04","2025-08-24"
748,748,49,"2022-04-27","2023-11-10"
749,749,50,"2023-08-07","2024-10-14"
750,750,51,"2021-10-29","2024-07-14"
751,751,52,"2022-01-06","2025-10-12"
752,752,53,"2022-11-05","2024-04-19"
753,753,54,"2022-08-14","2025-10-14"
754,754,55,"2022-05-01","2025-05-13"
755,755,56,"2022-11-21","2024-07-14"
756,756,57,"2023-05-09","2025-09-22"
757,757,58,"2022-09-29","2025-09-02"
758,758,59,"2023-02-14","2024-04-11"
759,759,60,"2022-03-29","2025-09-28"
760,760,61,"2023-01-16","2024-12-14"
761,761,62,"2021-09-18","2024-11-04"
762,762,63,"2021-11-08","2024-04-03"
763,763,64,"2022-07-04","2024-08-13"
764,764,65,"2022-08-20","2024-04-14"
765,765,66,"2022-08-21","2025-05-28"
766,766,67,"2023-05-10","2024-08-17"
767,767,68,"2023-06-23","2025-08-19"
768,768,69,"2023-08-23","2025-11-14"
769,769,70,"2022-12-07","2024-05-22"
770,770,71,"2022-02-17","2025-05-21"
771,771,72,"2022-04-08","2025-08-28"
772,772,73,"2022-02-21","2024-10-05"
773,773,74,"2022-02-13","2025-12-04"
774,774,75,"2023-05-28","2024-08-27"
775,775,76,"2023-05-28","2025-10-17"
776,776,77,"2022-01-31","2024-04-26"
777,777,78,"2023-05-12","2025-12-14"
778,778,79,"2022-06-26","2024-10-17"
779,779,80,"2022-09-26","2025-04-23"
780,780,81,"2022-01-22","2024-09-30"
781,781,82,"2023-05-15","2025-09-06"
782,782,83,"2022-06-07","2024-10-27"
783,783,84,"2022-10-06","2024-06-06"
784,784,85,"2023-02-04","2024-09-23"
785,785,86,"2023-02-07","2023-11-08"
786,786,87,"2022-08-03","2025-04-14"
787,787,88,"2022-07-25","2024-07-21"
788,788,89,"2022-10-17","2025-01-20"
789,789,90,"2022-11-02","2025-06-23"
790,790,91,"2023-01-24","2025-05-09"
791,791,92,"2022-01-06","2025-05-17"
792,792,93,"2023-05-14","2024-01-20"
793,793,94,"2022-12-17","2025-11-14"
794,794,95,"2022-04-09","2024-06-17"
795,795,96,"2022-12-08","2025-10-16"
796,796,97,"2022-10-28","2025-12-26"
797,797,98,"2021-12-12","2025-05-20"
798,798,99,"2021-10-10","2024-09-14"
799,799,100,"2022-03-04","2025-11-27"
800,800,101,"2022-09-02","2025-03-08"
801,801,102,"2022-06-23","2025-02-05"
802,802,103,"2022-04-01","2024-03-28"
803,803,104,"2021-10-25","2024-11-21"
804,804,105,"2023-08-22","2025-06-16"
805,805,106,"2022-05-18","2025-01-18"
806,806,107,"2022-10-20","2025-05-03"
807,807,108,"2023-07-26","2025-05-13"
808,808,109,"2022-11-28","2025-12-28"
809,809,110,"2021-10-05","2025-11-22"
810,810,111,"2022-01-15","2025-06-25"
811,811,112,"2022-05-03","2024-08-12"
812,812,113,"2023-07-28","2025-05-21"
813,813,114,"2023-06-04","2024-11-25"
814,814,115,"2022-06-25","2024-04-24"
815,815,116,"2023-02-18","2025-08-16"
816,816,117,"2022-03-22","2023-12-15"
817,817,118,"2023-05-23","2025-04-07"
818,818,119,"2022-09-16","2025-02-12"
819,819,120,"2022-09-30","2024-08-16"
820,820,121,"2023-08-07","2025-11-23"
821,821,122,"2022-04-30","2025-05-18"
822,822,123,"2022-12-14","2024-10-20"
823,823,124,"2022-06-04","2025-01-08"
824,824,125,"2023-03-06","2024-11-20"
825,825,126,"2022-06-25","2024-10-05"
826,826,127,"2022-05-17","2023-12-06"
827,827,128,"2023-02-11","2025-09-12"
828,828,129,"2022-05-06","2024-12-17"
829,829,130,"2023-06-09","2023-12-26"
830,830,131,"2021-12-13","2025-11-11"
831,831,132,"2022-10-12","2024-03-25"
832,832,133,"2022-11-01","2024-06-17"
833,833,134,"2022-06-17","2024-10-03"
834,834,135,"2021-10-14","2024-06-23"
835,835,136,"2021-10-31","2024-03-19"
836,836,137,"2022-10-03","2025-12-26"
837,837,138,"2022-10-27","2025-09-26"
838,838,139,"2023-07-08","2025-09-15"
839,839,140,"2022-02-26","2025-06-01"
840,840,141,"2022-07-28","2025-08-13"
841,841,142,"2022-08-06","2025-07-02"
842,842,143,"2022-07-29","2024-07-14"
843,843,144,"2022-04-02","2025-03-10"
844,844,145,"2022-12-18","2024-05-29"
845,845,146,"2022-09-11","2025-05-28"
846,846,147,"2022-05-06","2025-09-27"
847,847,148,"2023-06-07","2024-08-11"
848,848,149,"2022-09-24","2024-01-05"
849,849,150,"2023-03-08","2024-11-09"
850,850,151,"2022-07-06","2024-05-06"
851,851,152,"2022-10-08","2024-10-05"
852,852,153,"2023-07-15","2025-11-26"
853,853,154,"2023-05-09","2024-05-12"
854,854,155,"2021-12-13","2025-01-22"
855,855,156,"2021-11-11","2025-06-12"
856,856,157,"2022-10-30","2025-11-18"
857,857,158,"2022-03-16","2025-09-24"
858,858,159,"2022-08-12","2025-12-06"
859,859,160,"2022-12-23","2024-04-24"
860,860,161,"2022-11-11","2024-01-09"
861,861,162,"2022-04-12","2025-04-19"
862,862,163,"2022-09-04","2024-11-14"
863,863,164,"2021-10-10","2025-08-14"
864,864,165,"2022-08-05","2024-07-11"
865,865,166,"2023-07-21","2024-04-21"
866,866,167,"2022-06-05","2023-11-12"
867,867,168,"2021-12-13","2024-08-17"
868,868,169,"2022-01-23","2023-12-28"
869,869,170,"2023-08-08","2025-03-04"
870,870,171,"2022-03-19","2024-01-18"
871,871,172,"2022-10-02","2025-07-01"
872,872,173,"2021-11-10","2024-06-26"
873,873,174,"2023-02-24","2025-11-24"
874,874,175,"2022-07-05","2024-12-15"
875,875,176,"2022-03-23","2025-12-19"
876,876,177,"2023-01-16","2024-04-11"
877,877,178,"2022-12-30","2025-11-21"
878,878,179,"2022-04-10","2025-04-15"
879,879,180,"2021-12-04","2023-11-08"
880,880,181,"2021-09-06","2024-09-28"
881,881,182,"2022-03-26","2025-03-11"
882,882,183,"2023-05-24","2024-03-21"
883,883,184,"2023-02-10","2024-12-31"
884,884,185,"2022-01-25","2024-07-19"
885,885,186,"2022-07-26","2023-12-11"
886,886,187,"2022-04-08","2024-12-17"
887,887,188,"2023-08-26","2025-10-13"
888,888,189,"2023-03-05","2025-02-21"
889,889,190,"2021-11-02","2023-12-08"
890,890,191,"2022-12-14","2024-02-09"
891,891,192,"2021-11-23","2023-11-23"
892,892,193,"2023-08-31","2024-09-04"
893,893,194,"2023-01-07","2025-05-28"
894,894,195,"2023-05-31","2024-08-09"
895,895,196,"2022-07-25","2025-10-22"
896,896,197,"2022-03-05","2025-05-30"
897,897,198,"2023-05-09","2023-12-10"
898,898,199,"2023-06-27","2025-10-30"
899,899,200,"2021-10-04","2025-03-03"
900,900,201,"2022-05-03","2025-04-22"
901,901,202,"2023-03-01","2024-06-25"
902,902,203,"2023-06-20","2025-08-25"
903,903,204,"2022-03-10","2025-03-31"
904,904,205,"2023-05-22","2024-01-14"
905,905,206,"2023-07-02","2025-01-10"
906,906,207,"2022-01-10","2024-04-04"
907,907,208,"2023-06-16","2025-03-15"
908,908,209,"2022-07-28","2024-01-09"
909,909,210,"2021-11-23","2025-05-28"
910,910,211,"2023-08-07","2025-09-22"
911,911,212,"2022-01-15","2025-09-13"
912,912,213,"2021-11-12","2024-12-10"
913,913,214,"2022-03-15","2024-11-23"
914,914,215,"2022-05-28","2025-09-02"
915,915,216,"2022-05-26","2023-12-31"
916,916,217,"2022-08-14","2025-07-16"
917,917,218,"2022-05-29","2025-04-08"
918,918,219,"2023-07-04","2025-10-11"
919,919,220,"2022-12-21","2025-09-14"
920,920,221,"2023-02-07","2024-09-27"
921,921,222,"2022-12-22","2025-06-25"
922,922,223,"2022-04-08","2025-10-07"
923,923,224,"2023-04-06","2025-08-17"
924,924,225,"2023-02-03","2024-10-29"
925,925,226,"2022-02-20","2024-03-10"
926,926,227,"2022-05-19","2025-10-22"
927,927,228,"2022-07-21","2025-11-30"
928,928,229,"2023-04-01","2025-08-09"
929,929,230,"2022-01-22","2023-11-18"
930,930,231,"2021-12-10","2024-03-07"
931,931,232,"2022-02-17","2025-09-21"
932,932,233,"2022-04-02","2024-04-16"
933,933,234,"2023-06-13","2024-07-15"
934,934,235,"2023-08-26","2024-02-26"
935,935,236,"2022-04-05","2025-01-01"
936,936,237,"2021-09-28","2025-12-18"
937,937,238,"2023-03-18","2024-04-12"
938,938,239,"2023-03-10","2025-07-29"
939,939,240,"2023-03-05","2023-11-23"
940,940,241,"2022-09-09","2024-05-31"
941,941,242,"2022-03-24","2025-04-29"
942,942,243,"2023-03-22","2025-03-30"
943,943,244,"2023-01-04","2024-01-27"
944,944,245,"2022-11-02","2024-02-29"
945,945,246,"2023-04-15","2023-11-23"
946,946,247,"2022-06-17","2025-03-15"
947,947,248,"2022-02-16","2025-04-03"
948,948,249,"2022-06-21","2024-06-18"
949,949,250,"2023-04-27","2024-02-22"
950,950,251,"2023-04-30","2025-03-05"
951,951,252,"2022-02-23","2024-02-13"
952,952,253,"2023-02-27","2024-05-23"
953,953,254,"2023-02-21","2024-02-01"
954,954,255,"2023-03-13","2025-11-25"
955,955,256,"2022-03-23","2024-08-21"
956,956,257,"2023-05-28","2025-11-26"
957,957,258,"2023-01-19","2025-07-10"
958,958,259,"2022-06-05","2024-12-12"
959,959,260,"2021-12-14","2025-06-25"
960,960,261,"2022-10-12","2023-12-07"
961,961,262,"2022-12-06","2025-06-21"
962,962,263,"2022-10-24","2024-10-15"
963,963,264,"2022-11-20","2024-04-25"
964,964,265,"2022-09-13","2024-05-12"
965,965,266,"2021-12-21","2024-05-27"
966,966,267,"2022-09-17","2024-09-23"
967,967,268,"2023-01-18","2024-12-19"
968,968,269,"2022-06-26","2024-11-03"
969,969,270,"2022-08-29","2024-05-04"
970,970,271,"2021-10-22","2024-02-25"
971,971,272,"2022-09-10","2025-05-02"
972,972,273,"2021-09-06","2024-12-01"
973,973,274,"2022-01-05","2025-01-04"
974,974,275,"2022-11-11","2024-03-17"
975,975,276,"2023-03-23","2024-06-03"
976,976,277,"2022-01-15","2024-09-20"
977,977,278,"2021-12-02","2024-10-20"
978,978,279,"2022-12-16","2024-11-01"
979,979,280,"2022-07-13","2024-10-12"
980,980,281,"2022-06-15","2024-06-15"
981,981,282,"2021-11-06","2024-01-29"
982,982,283,"2023-05-28","2025-06-14"
983,983,284,"2022-05-23","2025-08-25"
984,984,285,"2022-05-31","2024-03-04"
985,985,286,"2022-05-02","2024-12-23"
986,986,287,"2023-08-13","2024-10-04"
987,987,288,"2023-04-23","2025-11-16"
988,988,289,"2021-09-05","2025-09-06"
989,989,290,"2022-06-23","2024-11-18"
990,990,291,"2022-10-16","2023-11-03"
991,991,292,"2021-11-08","2025-07-01"
992,992,293,"2023-04-21","2025-08-15"
993,993,294,"2022-01-03","2024-12-19"
994,994,295,"2023-01-17","2024-06-08"
995,995,296,"2023-05-18","2025-07-31"
996,996,297,"2022-11-24","2025-02-22"
997,997,298,"2022-12-11","2025-08-18"
998,998,299,"2022-11-13","2024-01-30"
999,999,300,"2023-03-27","2025-12-10"
1000,1000,301,"2021-10-29","2025-07-11"
